{
    "ScaleFactor_doubleMuon76x" : {
        "eta_pt_ratio" : {
            "eta:[0.0,1.20000004768]": {
                "pt:[0.0,1.20000004768]": {
                    "value": 0.93,
                    "error": 0.031
                },
                "pt:[1.20000004768,2.40000009537]": {
                    "value": 0.933,
                    "error": 0.034
                }
            },
            "eta:[1.20000004768,2.40000009537]": {
                "pt:[0.0,1.20000004768]": {
                    "value": 0.951,
                    "error": 0.034
                },
                "pt:[1.20000004768,2.40000009537]": {
                    "value": 0.934,
                    "error": 0.035
                }
            }
        }
    }
}
